auction_ending,buying_format,category,category_id,city,currency,data_id,details,extra_fields,img_url,item_category,item_category_id,item_custom_info,item_detail,item_main_category,item_main_category_id,item_source_sub_category_id,item_sub_category,item_title,item_url,location,make,model,price,price_original,requrl,serial_number,source_item_id,thumbbnail_url,thumbnail_s3_path,title,url,vendor_city,vendor_contact,vendor_country,vendor_location,vendor_name,vendor_state,vendor_url,year
,,"{'cat1_name': 'Aerial Lifts', 'cat2_name': '', 'cat1_id': '', 'cat2_id': ''}",,,,,,,,,,,,,,,,2014 Genie ZX-135/70,https://www.constructionequipmentguide.com/used-equipment/genie/aerial-lifts/zx-135|70/id/30075614,,,,,,https://www.constructionequipmentguide.com/used-aerial-lifts-for-sale/,,,https://d1ovd2ryr2wywi.cloudfront.net/305x0_d766e1204485009,,,,,,,,,,,
,,"{'cat1_name': 'Aerial Lifts', 'cat2_name': '', 'cat1_id': '', 'cat2_id': ''}",,,,,,,,,,,,,,,,2012 Genie Z-135/70,https://www.constructionequipmentguide.com/used-equipment/genie/aerial-lifts/z-135|70/id/32886182,,,,,,https://www.constructionequipmentguide.com/used-aerial-lifts-for-sale/,,,https://d1ovd2ryr2wywi.cloudfront.net/305x0_d766e1204485009,,,,,,,,,,,
,,"{'cat1_name': 'Aerial Lifts', 'cat2_name': '', 'cat1_id': '', 'cat2_id': ''}",,,,,,,,,,,,,,,,2011 Genie Z-135/70,https://www.constructionequipmentguide.com/used-equipment/genie/aerial-lifts/z-135|70/id/19766345,,,,,,https://www.constructionequipmentguide.com/used-aerial-lifts-for-sale/,,,https://d1ovd2ryr2wywi.cloudfront.net/305x0_d766e1204485009,,,,,,,,,,,
,,"{'cat1_name': 'Aerial Lifts', 'cat2_name': '', 'cat1_id': '', 'cat2_id': ''}",,,,,,,,,,,,,,,,2011 Genie Z-135/70,https://www.constructionequipmentguide.com/used-equipment/genie/aerial-lifts/z-135|70/id/20708438,,,,,,https://www.constructionequipmentguide.com/used-aerial-lifts-for-sale/,,,https://d1ovd2ryr2wywi.cloudfront.net/305x0_d766e1204485009,,,,,,,,,,,
,,"{'cat1_name': 'Aerial Lifts', 'cat2_name': '', 'cat1_id': '', 'cat2_id': ''}",,,,,,,,,,,,,,,,2011 Genie Z-135/70,https://www.constructionequipmentguide.com/used-equipment/genie/aerial-lifts/z-135|70/id/24094046,,,,,,https://www.constructionequipmentguide.com/used-aerial-lifts-for-sale/,,,https://d1ovd2ryr2wywi.cloudfront.net/305x0_d766e1204485009,,,,,,,,,,,
,,"{'cat1_name': 'Aerial Lifts', 'cat2_name': '', 'cat1_id': '', 'cat2_id': ''}",,,,,,,,,,,,,,,,2011 Genie Z-135/70,https://www.constructionequipmentguide.com/used-equipment/genie/aerial-lifts/z-135|70/id/24996781,,,,,,https://www.constructionequipmentguide.com/used-aerial-lifts-for-sale/,,,https://d1ovd2ryr2wywi.cloudfront.net/305x0_d766e1204485009,,,,,,,,,,,
,,"{'cat1_name': 'Aerial Lifts', 'cat2_name': '', 'cat1_id': '', 'cat2_id': ''}",,,,,,,,,,,,,,,,2011 Genie Z-135/70,https://www.constructionequipmentguide.com/used-equipment/genie/aerial-lifts/z-135|70/id/25797907,,,,,,https://www.constructionequipmentguide.com/used-aerial-lifts-for-sale/,,,https://d1ovd2ryr2wywi.cloudfront.net/305x0_d766e1204485009,,,,,,,,,,,
,,"{'cat1_name': 'Aerial Lifts', 'cat2_name': '', 'cat1_id': '', 'cat2_id': ''}",,,,,,,,,,,,,,,,2011 Genie Z-135/70,https://www.constructionequipmentguide.com/used-equipment/genie/aerial-lifts/z-135|70/id/27164954,,,,,,https://www.constructionequipmentguide.com/used-aerial-lifts-for-sale/,,,https://d1ovd2ryr2wywi.cloudfront.net/305x0_d766e1204485009,,,,,,,,,,,
,,"{'cat1_name': 'Aerial Lifts', 'cat2_name': '', 'cat1_id': '', 'cat2_id': ''}",,,,,,,,,,,,,,,,2011 Genie Z-135/70,https://www.constructionequipmentguide.com/used-equipment/genie/aerial-lifts/z-135|70/id/27307103,,,,,,https://www.constructionequipmentguide.com/used-aerial-lifts-for-sale/,,,https://d1ovd2ryr2wywi.cloudfront.net/305x0_d766e1204485009,,,,,,,,,,,
,,"{'cat1_name': 'Aerial Lifts', 'cat2_name': '', 'cat1_id': '', 'cat2_id': ''}",,,,,,,,,,,,,,,,2015 JLG 860SJ,https://www.constructionequipmentguide.com/used-equipment/jlg/aerial-lifts/860sj/id/38152383,,,,,,https://www.constructionequipmentguide.com/used-aerial-lifts-for-sale/,,,https://d1ovd2ryr2wywi.cloudfront.net/305x0_d766e1204485009,,,,,,,,,,,
,,"{'cat1_name': 'Wheel Loaders', 'cat2_name': '', 'cat1_id': '', 'cat2_id': ''}",,,,,,,,,,,,,,,,2011 JCB 456ZX,https://www.constructionequipmentguide.com/used-equipment/jcb/wheel-loaders/456zx/id/28090172,,,,,,https://www.constructionequipmentguide.com/used-wheel-loaders-for-sale/,,,https://d1ovd2ryr2wywi.cloudfront.net/305x0_d9200e1069845413,,,,,,,,,,,
,,"{'cat1_name': 'Wheel Loaders', 'cat2_name': '', 'cat1_id': '', 'cat2_id': ''}",,,,,,,,,,,,,,,,2008 Caterpillar 938H,https://www.constructionequipmentguide.com/used-equipment/caterpillar/wheel-loaders/938h/id/36314621,,,,,,https://www.constructionequipmentguide.com/used-wheel-loaders-for-sale/,,,https://d1ovd2ryr2wywi.cloudfront.net/305x0_d9200e1069845413,,,,,,,,,,,
,,"{'cat1_name': 'Wheel Loaders', 'cat2_name': '', 'cat1_id': '', 'cat2_id': ''}",,,,,,,,,,,,,,,,2005 Caterpillar 938GII,https://www.constructionequipmentguide.com/used-equipment/caterpillar/wheel-loaders/938gii/id/37102064,,,,,,https://www.constructionequipmentguide.com/used-wheel-loaders-for-sale/,,,https://d1ovd2ryr2wywi.cloudfront.net/305x0_d9200e1069845413,,,,,,,,,,,
,,"{'cat1_name': 'Wheel Loaders', 'cat2_name': '', 'cat1_id': '', 'cat2_id': ''}",,,,,,,,,,,,,,,,2006 Caterpillar 993K,https://www.constructionequipmentguide.com/used-equipment/caterpillar/wheel-loaders/993k/id/16226701,,,,,,https://www.constructionequipmentguide.com/used-wheel-loaders-for-sale/,,,https://d1ovd2ryr2wywi.cloudfront.net/305x0_d9200e1069845413,,,,,,,,,,,
,,"{'cat1_name': 'Wheel Loaders', 'cat2_name': '', 'cat1_id': '', 'cat2_id': ''}",,,,,,,,,,,,,,,,2000 Caterpillar 992G,https://www.constructionequipmentguide.com/used-equipment/caterpillar/wheel-loaders/992g/id/33424511,,,,,,https://www.constructionequipmentguide.com/used-wheel-loaders-for-sale/,,,https://d1ovd2ryr2wywi.cloudfront.net/305x0_d9200e1069845413,,,,,,,,,,,
,,"{'cat1_name': 'Wheel Loaders', 'cat2_name': '', 'cat1_id': '', 'cat2_id': ''}",,,,,,,,,,,,,,,,2018 Caterpillar R1600H,https://www.constructionequipmentguide.com/used-equipment/caterpillar/wheel-loaders/r1600h/id/27630517,,,,,,https://www.constructionequipmentguide.com/used-wheel-loaders-for-sale/,,,https://d1ovd2ryr2wywi.cloudfront.net/305x0_d9200e1069845413,,,,,,,,,,,
,,"{'cat1_name': 'Wheel Loaders', 'cat2_name': '', 'cat1_id': '', 'cat2_id': ''}",,,,,,,,,,,,,,,,2018 Caterpillar R 1700 G,https://www.constructionequipmentguide.com/used-equipment/caterpillar/wheel-loaders/r_1700_g/id/33608308,,,,,,https://www.constructionequipmentguide.com/used-wheel-loaders-for-sale/,,,https://d1ovd2ryr2wywi.cloudfront.net/305x0_d9200e1069845413,,,,,,,,,,,
,,"{'cat1_name': 'Wheel Loaders', 'cat2_name': '', 'cat1_id': '', 'cat2_id': ''}",,,,,,,,,,,,,,,,2018 Caterpillar R1600H,https://www.constructionequipmentguide.com/used-equipment/caterpillar/wheel-loaders/r1600h/id/27630516,,,,,,https://www.constructionequipmentguide.com/used-wheel-loaders-for-sale/,,,https://d1ovd2ryr2wywi.cloudfront.net/305x0_d9200e1069845413,,,,,,,,,,,
,,"{'cat1_name': 'Wheel Loaders', 'cat2_name': '', 'cat1_id': '', 'cat2_id': ''}",,,,,,,,,,,,,,,,2018 Caterpillar R1300G,https://www.constructionequipmentguide.com/used-equipment/caterpillar/wheel-loaders/r1300g/id/27630543,,,,,,https://www.constructionequipmentguide.com/used-wheel-loaders-for-sale/,,,https://d1ovd2ryr2wywi.cloudfront.net/305x0_d9200e1069845413,,,,,,,,,,,
,,"{'cat1_name': 'Wheel Loaders', 'cat2_name': '', 'cat1_id': '', 'cat2_id': ''}",,,,,,,,,,,,,,,,2018 Caterpillar R1600H,https://www.constructionequipmentguide.com/used-equipment/caterpillar/wheel-loaders/r1600h/id/27630518,,,,,,https://www.constructionequipmentguide.com/used-wheel-loaders-for-sale/,,,https://d1ovd2ryr2wywi.cloudfront.net/305x0_d9200e1069845413,,,,,,,,,,,
,,"{'cat1_name': 'Wheel Dozers', 'cat2_name': '', 'cat1_id': '', 'cat2_id': ''}",,,,,,,,,,,,,,,,2017 Caterpillar 836K,https://www.constructionequipmentguide.com/used-equipment/caterpillar/wheel-dozers/836k/id/23864662,,,,,,https://www.constructionequipmentguide.com/used-wheel-dozers-for-sale/,,,https://d1ovd2ryr2wywi.cloudfront.net/305x0_d9188e1203413020,,,,,,,,,,,
,,"{'cat1_name': 'Wheel Dozers', 'cat2_name': '', 'cat1_id': '', 'cat2_id': ''}",,,,,,,,,,,,,,,,1968 Caterpillar 834,https://www.constructionequipmentguide.com/used-equipment/caterpillar/wheel-dozers/834/id/21986933,,,,,,https://www.constructionequipmentguide.com/used-wheel-dozers-for-sale/,,,https://d1ovd2ryr2wywi.cloudfront.net/305x0_d9188e1203413020,,,,,,,,,,,
,,"{'cat1_name': 'Wheel Dozers', 'cat2_name': '', 'cat1_id': '', 'cat2_id': ''}",,,,,,,,,,,,,,,,2009 Caterpillar 826H,https://www.constructionequipmentguide.com/used-equipment/caterpillar/wheel-dozers/826h/id/36527335,,,,,,https://www.constructionequipmentguide.com/used-wheel-dozers-for-sale/,,,https://d1ovd2ryr2wywi.cloudfront.net/305x0_d9188e1203413020,,,,,,,,,,,
,,"{'cat1_name': 'Wheel Dozers', 'cat2_name': '', 'cat1_id': '', 'cat2_id': ''}",,,,,,,,,,,,,,,,2002 Caterpillar 826GII,https://www.constructionequipmentguide.com/used-equipment/caterpillar/wheel-dozers/826gii/id/26477208,,,,,,https://www.constructionequipmentguide.com/used-wheel-dozers-for-sale/,,,https://d1ovd2ryr2wywi.cloudfront.net/305x0_d9188e1203413020,,,,,,,,,,,
,,"{'cat1_name': 'Wheel Dozers', 'cat2_name': '', 'cat1_id': '', 'cat2_id': ''}",,,,,,,,,,,,,,,,2008 Caterpillar 854G,https://www.constructionequipmentguide.com/used-equipment/caterpillar/wheel-dozers/854g/id/37301376,,,,,,https://www.constructionequipmentguide.com/used-wheel-dozers-for-sale/,,,https://d1ovd2ryr2wywi.cloudfront.net/305x0_d9188e1203413020,,,,,,,,,,,
,,"{'cat1_name': 'Wheel Dozers', 'cat2_name': '', 'cat1_id': '', 'cat2_id': ''}",,,,,,,,,,,,,,,,2017 Caterpillar 836K,https://www.constructionequipmentguide.com/used-equipment/caterpillar/wheel-dozers/836k/id/32734820,,,,,,https://www.constructionequipmentguide.com/used-wheel-dozers-for-sale/,,,https://d1ovd2ryr2wywi.cloudfront.net/305x0_d9188e1203413020,,,,,,,,,,,
,,"{'cat1_name': 'Wheel Dozers', 'cat2_name': '', 'cat1_id': '', 'cat2_id': ''}",,,,,,,,,,,,,,,,2002 Caterpillar 854G,https://www.constructionequipmentguide.com/used-equipment/caterpillar/wheel-dozers/854g/id/33494182,,,,,,https://www.constructionequipmentguide.com/used-wheel-dozers-for-sale/,,,https://d1ovd2ryr2wywi.cloudfront.net/305x0_d9188e1203413020,,,,,,,,,,,
,,"{'cat1_name': 'Wheel Dozers', 'cat2_name': '', 'cat1_id': '', 'cat2_id': ''}",,,,,,,,,,,,,,,,1985 Caterpillar 824C,https://www.constructionequipmentguide.com/used-equipment/caterpillar/wheel-dozers/824c/id/19974817,,,,,,https://www.constructionequipmentguide.com/used-wheel-dozers-for-sale/,,,https://d1ovd2ryr2wywi.cloudfront.net/305x0_d9188e1203413020,,,,,,,,,,,
,,"{'cat1_name': 'Wheel Dozers', 'cat2_name': '', 'cat1_id': '', 'cat2_id': ''}",,,,,,,,,,,,,,,,2007 LeTourneau D950,https://www.constructionequipmentguide.com/used-equipment/letourneau/wheel-dozers/d950/id/32972989,,,,,,https://www.constructionequipmentguide.com/used-wheel-dozers-for-sale/,,,https://d1ovd2ryr2wywi.cloudfront.net/305x0_d9188e1203413020,,,,,,,,,,,
,,"{'cat1_name': 'Wheel Dozers', 'cat2_name': '', 'cat1_id': '', 'cat2_id': ''}",,,,,,,,,,,,,,,,1990 Caterpillar 834B,https://www.constructionequipmentguide.com/used-equipment/caterpillar/wheel-dozers/834b/id/20601705,,,,,,https://www.constructionequipmentguide.com/used-wheel-dozers-for-sale/,,,https://d1ovd2ryr2wywi.cloudfront.net/305x0_d9188e1203413020,,,,,,,,,,,
,,"{'cat1_name': 'Welders', 'cat2_name': '', 'cat1_id': '', 'cat2_id': ''}",,,,,,,,,,,,,,,,2019 Lincoln Vantage 322,https://www.constructionequipmentguide.com/used-equipment/lincoln/welders/vantage_322/id/32122807,,,,,,https://www.constructionequipmentguide.com/used-welders-for-sale/,,,https://d1ovd2ryr2wywi.cloudfront.net/305x0_d766e1204511545,,,,,,,,,,,
,,"{'cat1_name': 'Welders', 'cat2_name': '', 'cat1_id': '', 'cat2_id': ''}",,,,,,,,,,,,,,,,2017 Miller Big Blue 500 Pro,https://www.constructionequipmentguide.com/used-equipment/miller/welders/big_blue_500_pro/id/35646626,,,,,,https://www.constructionequipmentguide.com/used-welders-for-sale/,,,https://d1ovd2ryr2wywi.cloudfront.net/305x0_d766e1204511545,,,,,,,,,,,
,,"{'cat1_name': 'Welders', 'cat2_name': '', 'cat1_id': '', 'cat2_id': ''}",,,,,,,,,,,,,,,,2017 Miller Big Blue 500,https://www.constructionequipmentguide.com/used-equipment/miller/welders/big_blue_500/id/32122668,,,,,,https://www.constructionequipmentguide.com/used-welders-for-sale/,,,https://d1ovd2ryr2wywi.cloudfront.net/305x0_d766e1204511545,,,,,,,,,,,
,,"{'cat1_name': 'Welders', 'cat2_name': '', 'cat1_id': '', 'cat2_id': ''}",,,,,,,,,,,,,,,,2017 Miller Big Blue 500,https://www.constructionequipmentguide.com/used-equipment/miller/welders/big_blue_500/id/32122766,,,,,,https://www.constructionequipmentguide.com/used-welders-for-sale/,,,https://d1ovd2ryr2wywi.cloudfront.net/305x0_d766e1204511545,,,,,,,,,,,
,,"{'cat1_name': 'Welders', 'cat2_name': '', 'cat1_id': '', 'cat2_id': ''}",,,,,,,,,,,,,,,,2017 Miller Big Blue 400P,https://www.constructionequipmentguide.com/used-equipment/miller/welders/big_blue_400p/id/33406458,,,,,,https://www.constructionequipmentguide.com/used-welders-for-sale/,,,https://d1ovd2ryr2wywi.cloudfront.net/305x0_d766e1204511545,,,,,,,,,,,
,,"{'cat1_name': 'Welders', 'cat2_name': '', 'cat1_id': '', 'cat2_id': ''}",,,,,,,,,,,,,,,,2017 Miller Big Blue 500 Pro,https://www.constructionequipmentguide.com/used-equipment/miller/welders/big_blue_500_pro/id/29551648,,,,,,https://www.constructionequipmentguide.com/used-welders-for-sale/,,,https://d1ovd2ryr2wywi.cloudfront.net/305x0_d766e1204511545,,,,,,,,,,,
,,"{'cat1_name': 'Welders', 'cat2_name': '', 'cat1_id': '', 'cat2_id': ''}",,,,,,,,,,,,,,,,2016 Lincoln Vantage 520,https://www.constructionequipmentguide.com/used-equipment/lincoln/welders/vantage_520/id/34837243,,,,,,https://www.constructionequipmentguide.com/used-welders-for-sale/,,,https://d1ovd2ryr2wywi.cloudfront.net/305x0_d766e1204511545,,,,,,,,,,,
,,"{'cat1_name': 'Welders', 'cat2_name': '', 'cat1_id': '', 'cat2_id': ''}",,,,,,,,,,,,,,,,2018 Multiquip DLW400ESA4,https://www.constructionequipmentguide.com/used-equipment/multiquip/welders/dlw400esa4/id/28584113,,,,,,https://www.constructionequipmentguide.com/used-welders-for-sale/,,,https://d1ovd2ryr2wywi.cloudfront.net/305x0_d766e1204511545,,,,,,,,,,,
,,"{'cat1_name': 'Welders', 'cat2_name': '', 'cat1_id': '', 'cat2_id': ''}",,,,,,,,,,,,,,,,2018 Multiquip DLW400ESA4,https://www.constructionequipmentguide.com/used-equipment/multiquip/welders/dlw400esa4/id/36907740,,,,,,https://www.constructionequipmentguide.com/used-welders-for-sale/,,,https://d1ovd2ryr2wywi.cloudfront.net/305x0_d766e1204511545,,,,,,,,,,,
,,"{'cat1_name': 'Welders', 'cat2_name': '', 'cat1_id': '', 'cat2_id': ''}",,,,,,,,,,,,,,,,2017 Lincoln Vantage 300,https://www.constructionequipmentguide.com/used-equipment/lincoln/welders/vantage_300/id/37349705,,,,,,https://www.constructionequipmentguide.com/used-welders-for-sale/,,,https://d1ovd2ryr2wywi.cloudfront.net/305x0_d766e1204511545,,,,,,,,,,,
,,"{'cat1_name': 'Utility Vehicles', 'cat2_name': '', 'cat1_id': '', 'cat2_id': ''}",,,,,,,,,,,,,,,,2014 Morooka MST1500VD,https://www.constructionequipmentguide.com/used-equipment/morooka/utility-vehicles/mst1500vd/id/22573103,,,,,,https://www.constructionequipmentguide.com/used-utility-vehicles-for-sale/,,,https://d1ovd2ryr2wywi.cloudfront.net/305x0_d9194e1195809218,,,,,,,,,,,
,,"{'cat1_name': 'Utility Vehicles', 'cat2_name': '', 'cat1_id': '', 'cat2_id': ''}",,,,,,,,,,,,,,,,2014 Morooka MST1500VD,https://www.constructionequipmentguide.com/used-equipment/morooka/utility-vehicles/mst1500vd/id/34551246,,,,,,https://www.constructionequipmentguide.com/used-utility-vehicles-for-sale/,,,https://d1ovd2ryr2wywi.cloudfront.net/305x0_d9194e1195809218,,,,,,,,,,,
,,"{'cat1_name': 'Utility Vehicles', 'cat2_name': '', 'cat1_id': '', 'cat2_id': ''}",,,,,,,,,,,,,,,,2014 Morooka MST1500VD,https://www.constructionequipmentguide.com/used-equipment/morooka/utility-vehicles/mst1500vd/id/28305344,,,,,,https://www.constructionequipmentguide.com/used-utility-vehicles-for-sale/,,,https://d1ovd2ryr2wywi.cloudfront.net/305x0_d9194e1195809218,,,,,,,,,,,
,,"{'cat1_name': 'Utility Vehicles', 'cat2_name': '', 'cat1_id': '', 'cat2_id': ''}",,,,,,,,,,,,,,,,2014 Morooka MST1500VD,https://www.constructionequipmentguide.com/used-equipment/morooka/utility-vehicles/mst1500vd/id/31721775,,,,,,https://www.constructionequipmentguide.com/used-utility-vehicles-for-sale/,,,https://d1ovd2ryr2wywi.cloudfront.net/305x0_d9194e1195809218,,,,,,,,,,,
,,"{'cat1_name': 'Utility Vehicles', 'cat2_name': '', 'cat1_id': '', 'cat2_id': ''}",,,,,,,,,,,,,,,,2014 Morooka MST1500VD,https://www.constructionequipmentguide.com/used-equipment/morooka/utility-vehicles/mst1500vd/id/28305343,,,,,,https://www.constructionequipmentguide.com/used-utility-vehicles-for-sale/,,,https://d1ovd2ryr2wywi.cloudfront.net/305x0_d9194e1195809218,,,,,,,,,,,
,,"{'cat1_name': 'Utility Vehicles', 'cat2_name': '', 'cat1_id': '', 'cat2_id': ''}",,,,,,,,,,,,,,,,2013 Morooka MST1500VD,https://www.constructionequipmentguide.com/used-equipment/morooka/utility-vehicles/mst1500vd_/id/31765104,,,,,,https://www.constructionequipmentguide.com/used-utility-vehicles-for-sale/,,,https://d1ovd2ryr2wywi.cloudfront.net/305x0_d9194e1195809218,,,,,,,,,,,
,,"{'cat1_name': 'Utility Vehicles', 'cat2_name': '', 'cat1_id': '', 'cat2_id': ''}",,,,,,,,,,,,,,,,2009 Bobcat 2200S,https://www.constructionequipmentguide.com/used-equipment/bobcat/utility-vehicles/2200s/id/38193482,,,,,,https://www.constructionequipmentguide.com/used-utility-vehicles-for-sale/,,,https://d1ovd2ryr2wywi.cloudfront.net/305x0_d9194e1195809218,,,,,,,,,,,
,,"{'cat1_name': 'Utility Vehicles', 'cat2_name': '', 'cat1_id': '', 'cat2_id': ''}",,,,,,,,,,,,,,,,2016 Bobcat 3400D,https://www.constructionequipmentguide.com/used-equipment/bobcat/utility-vehicles/3400d/id/38304633,,,,,,https://www.constructionequipmentguide.com/used-utility-vehicles-for-sale/,,,https://d1ovd2ryr2wywi.cloudfront.net/305x0_d9194e1195809218,,,,,,,,,,,
,,"{'cat1_name': 'Utility Vehicles', 'cat2_name': '', 'cat1_id': '', 'cat2_id': ''}",,,,,,,,,,,,,,,,2016 Bobcat 3400D,https://www.constructionequipmentguide.com/used-equipment/bobcat/utility-vehicles/3400d/id/38304634,,,,,,https://www.constructionequipmentguide.com/used-utility-vehicles-for-sale/,,,https://d1ovd2ryr2wywi.cloudfront.net/305x0_d9194e1195809218,,,,,,,,,,,
,,"{'cat1_name': 'Utility Vehicles', 'cat2_name': '', 'cat1_id': '', 'cat2_id': ''}",,,,,,,,,,,,,,,,Bobcat 3400D,https://www.constructionequipmentguide.com/used-equipment/bobcat/utility-vehicles/3400d/id/38327376,,,,,,https://www.constructionequipmentguide.com/used-utility-vehicles-for-sale/,,,https://d1ovd2ryr2wywi.cloudfront.net/305x0_d9194e1195809218,,,,,,,,,,,
,,"{'cat1_name': 'Telehandlers', 'cat2_name': '', 'cat1_id': '', 'cat2_id': ''}",,,,,,,,,,,,,,,,2016 Caterpillar TL1255D,https://www.constructionequipmentguide.com/used-equipment/caterpillar/telehandlers/tl1255d/id/32784613,,,,,,https://www.constructionequipmentguide.com/used-telehandlers-for-sale/,,,https://d1ovd2ryr2wywi.cloudfront.net/305x0_d3701e1010490056,,,,,,,,,,,
,,"{'cat1_name': 'Telehandlers', 'cat2_name': '', 'cat1_id': '', 'cat2_id': ''}",,,,,,,,,,,,,,,,2013 Skyjack ZB2044,https://www.constructionequipmentguide.com/used-equipment/skyjack/telehandlers/zb2044/id/22941876,,,,,,https://www.constructionequipmentguide.com/used-telehandlers-for-sale/,,,https://d1ovd2ryr2wywi.cloudfront.net/305x0_d3701e1010490056,,,,,,,,,,,
,,"{'cat1_name': 'Telehandlers', 'cat2_name': '', 'cat1_id': '', 'cat2_id': ''}",,,,,,,,,,,,,,,,2013 Caterpillar TL1255C,https://www.constructionequipmentguide.com/used-equipment/caterpillar/telehandlers/tl1255c/id/35780481,,,,,,https://www.constructionequipmentguide.com/used-telehandlers-for-sale/,,,https://d1ovd2ryr2wywi.cloudfront.net/305x0_d3701e1010490056,,,,,,,,,,,
,,"{'cat1_name': 'Telehandlers', 'cat2_name': '', 'cat1_id': '', 'cat2_id': ''}",,,,,,,,,,,,,,,,2018 Merlo P40.17,https://www.constructionequipmentguide.com/used-equipment/merlo/telehandlers/p40.17/id/29787394,,,,,,https://www.constructionequipmentguide.com/used-telehandlers-for-sale/,,,https://d1ovd2ryr2wywi.cloudfront.net/305x0_d3701e1010490056,,,,,,,,,,,
,,"{'cat1_name': 'Telehandlers', 'cat2_name': '', 'cat1_id': '', 'cat2_id': ''}",,,,,,,,,,,,,,,,2017 JCB 560-80 Agri Super,https://www.constructionequipmentguide.com/used-equipment/jcb/telehandlers/560-80_agri_super/id/36356227,,,,,,https://www.constructionequipmentguide.com/used-telehandlers-for-sale/,,,https://d1ovd2ryr2wywi.cloudfront.net/305x0_d3701e1010490056,,,,,,,,,,,
,,"{'cat1_name': 'Telehandlers', 'cat2_name': '', 'cat1_id': '', 'cat2_id': ''}",,,,,,,,,,,,,,,,2016 JCB 512-56,https://www.constructionequipmentguide.com/used-equipment/jcb/telehandlers/512-56/id/28583036,,,,,,https://www.constructionequipmentguide.com/used-telehandlers-for-sale/,,,https://d1ovd2ryr2wywi.cloudfront.net/305x0_d3701e1010490056,,,,,,,,,,,
,,"{'cat1_name': 'Telehandlers', 'cat2_name': '', 'cat1_id': '', 'cat2_id': ''}",,,,,,,,,,,,,,,,2015 JCB 510-56,https://www.constructionequipmentguide.com/used-equipment/jcb/telehandlers/510-56/id/30264786,,,,,,https://www.constructionequipmentguide.com/used-telehandlers-for-sale/,,,https://d1ovd2ryr2wywi.cloudfront.net/305x0_d3701e1010490056,,,,,,,,,,,
,,"{'cat1_name': 'Telehandlers', 'cat2_name': '', 'cat1_id': '', 'cat2_id': ''}",,,,,,,,,,,,,,,,2017 JCB 510-56,https://www.constructionequipmentguide.com/used-equipment/jcb/telehandlers/510-56/id/31470658,,,,,,https://www.constructionequipmentguide.com/used-telehandlers-for-sale/,,,https://d1ovd2ryr2wywi.cloudfront.net/305x0_d3701e1010490056,,,,,,,,,,,
,,"{'cat1_name': 'Telehandlers', 'cat2_name': '', 'cat1_id': '', 'cat2_id': ''}",,,,,,,,,,,,,,,,2017 Merlo TF42.7CS-156,https://www.constructionequipmentguide.com/used-equipment/merlo/telehandlers/tf42.7cs-156/id/30135731,,,,,,https://www.constructionequipmentguide.com/used-telehandlers-for-sale/,,,https://d1ovd2ryr2wywi.cloudfront.net/305x0_d3701e1010490056,,,,,,,,,,,
,,"{'cat1_name': 'Telehandlers', 'cat2_name': '', 'cat1_id': '', 'cat2_id': ''}",,,,,,,,,,,,,,,,2017 JCB 510-56,https://www.constructionequipmentguide.com/used-equipment/jcb/telehandlers/510-56/id/33404370,,,,,,https://www.constructionequipmentguide.com/used-telehandlers-for-sale/,,,https://d1ovd2ryr2wywi.cloudfront.net/305x0_d3701e1010490056,,,,,,,,,,,
,,"{'cat1_name': 'Snow Equipment', 'cat2_name': '', 'cat1_id': '', 'cat2_id': ''}",,,,,,,,,,,,,,,,Caterpillar SR318,https://www.constructionequipmentguide.com/used-equipment/caterpillar/snow-equipment/sr318/id/37078215,,,,,,https://www.constructionequipmentguide.com/used-snow-equipment-for-sale/,,,https://d1ovd2ryr2wywi.cloudfront.net/305x0_d2433e1149533418,,,,,,,,,,,
,,"{'cat1_name': 'Snow Equipment', 'cat2_name': '', 'cat1_id': '', 'cat2_id': ''}",,,,,,,,,,,,,,,,Caterpillar 10.FT.SNOW.PLOW,https://www.constructionequipmentguide.com/used-equipment/caterpillar/snow-equipment/10.ft.snow.plow/id/29164617,,,,,,https://www.constructionequipmentguide.com/used-snow-equipment-for-sale/,,,https://d1ovd2ryr2wywi.cloudfront.net/305x0_d2433e1149533418,,,,,,,,,,,
,,"{'cat1_name': 'Snow Equipment', 'cat2_name': '', 'cat1_id': '', 'cat2_id': ''}",,,,,,,,,,,,,,,,2004 Caterpillar SR17,https://www.constructionequipmentguide.com/used-equipment/caterpillar/snow-equipment/sr17/id/38315802,,,,,,https://www.constructionequipmentguide.com/used-snow-equipment-for-sale/,,,https://d1ovd2ryr2wywi.cloudfront.net/305x0_d2433e1149533418,,,,,,,,,,,
,,"{'cat1_name': 'Snow Equipment', 'cat2_name': '', 'cat1_id': '', 'cat2_id': ''}",,,,,,,,,,,,,,,,Caterpillar 10.FT.SNOW.PUSHER,https://www.constructionequipmentguide.com/used-equipment/caterpillar/snow-equipment/10.ft.snow.pusher/id/37054775,,,,,,https://www.constructionequipmentguide.com/used-snow-equipment-for-sale/,,,https://d1ovd2ryr2wywi.cloudfront.net/305x0_d2433e1149533418,,,,,,,,,,,
,,"{'cat1_name': 'Snow Equipment', 'cat2_name': '', 'cat1_id': '', 'cat2_id': ''}",,,,,,,,,,,,,,,,Caterpillar 8.FT.SNOW.PUSHER,https://www.constructionequipmentguide.com/used-equipment/caterpillar/snow-equipment/8.ft.snow.pusher/id/37286511,,,,,,https://www.constructionequipmentguide.com/used-snow-equipment-for-sale/,,,https://d1ovd2ryr2wywi.cloudfront.net/305x0_d2433e1149533418,,,,,,,,,,,
,,"{'cat1_name': 'Snow Equipment', 'cat2_name': '', 'cat1_id': '', 'cat2_id': ''}",,,,,,,,,,,,,,,,SUIHE YS-86,https://www.constructionequipmentguide.com/used-equipment/suihe/snow-equipment/ys-86/id/37323703,,,,,,https://www.constructionequipmentguide.com/used-snow-equipment-for-sale/,,,https://d1ovd2ryr2wywi.cloudfront.net/305x0_d2433e1149533418,,,,,,,,,,,
,,"{'cat1_name': 'Snow Equipment', 'cat2_name': '', 'cat1_id': '', 'cat2_id': ''}",,,,,,,,,,,,,,,,SUIHE YS-86,https://www.constructionequipmentguide.com/used-equipment/suihe/snow-equipment/ys-86/id/37323704,,,,,,https://www.constructionequipmentguide.com/used-snow-equipment-for-sale/,,,https://d1ovd2ryr2wywi.cloudfront.net/305x0_d2433e1149533418,,,,,,,,,,,
,,"{'cat1_name': 'Snow Equipment', 'cat2_name': '', 'cat1_id': '', 'cat2_id': ''}",,,,,,,,,,,,,,,,SUIHE YS-86,https://www.constructionequipmentguide.com/used-equipment/suihe/snow-equipment/ys-86/id/37324873,,,,,,https://www.constructionequipmentguide.com/used-snow-equipment-for-sale/,,,https://d1ovd2ryr2wywi.cloudfront.net/305x0_d2433e1149533418,,,,,,,,,,,
,,"{'cat1_name': 'Snow Equipment', 'cat2_name': '', 'cat1_id': '', 'cat2_id': ''}",,,,,,,,,,,,,,,,SUIHE YS-86,https://www.constructionequipmentguide.com/used-equipment/suihe/snow-equipment/ys-86/id/37324874,,,,,,https://www.constructionequipmentguide.com/used-snow-equipment-for-sale/,,,https://d1ovd2ryr2wywi.cloudfront.net/305x0_d2433e1149533418,,,,,,,,,,,
,,"{'cat1_name': 'Snow Equipment', 'cat2_name': '', 'cat1_id': '', 'cat2_id': ''}",,,,,,,,,,,,,,,,SUIHE YS-86,https://www.constructionequipmentguide.com/used-equipment/suihe/snow-equipment/ys-86/id/37324901,,,,,,https://www.constructionequipmentguide.com/used-snow-equipment-for-sale/,,,https://d1ovd2ryr2wywi.cloudfront.net/305x0_d2433e1149533418,,,,,,,,,,,
,,"{'cat1_name': 'Sweepers', 'cat2_name': '', 'cat1_id': '', 'cat2_id': ''}",,,,,,,,,,,,,,,,2018 Roadtec FB100,https://www.constructionequipmentguide.com/used-equipment/roadtec/sweepers/fb100/id/31730189,,,,,,https://www.constructionequipmentguide.com/used-sweepers-for-sale/,,,https://d1ovd2ryr2wywi.cloudfront.net/305x0_d4669e1204639999,,,,,,,,,,,
,,"{'cat1_name': 'Sweepers', 'cat2_name': '', 'cat1_id': '', 'cat2_id': ''}",,,,,,,,,,,,,,,,2016 Lay-Mor Sweepmaster 400,https://www.constructionequipmentguide.com/used-equipment/lay-mor/sweepers/sweepmaster_400/id/32977945,,,,,,https://www.constructionequipmentguide.com/used-sweepers-for-sale/,,,https://d1ovd2ryr2wywi.cloudfront.net/305x0_d4669e1204639999,,,,,,,,,,,
,,"{'cat1_name': 'Sweepers', 'cat2_name': '', 'cat1_id': '', 'cat2_id': ''}",,,,,,,,,,,,,,,,2016 Broce Broom KR-350,https://www.constructionequipmentguide.com/used-equipment/broce-broom/sweepers/kr-350/id/33908263,,,,,,https://www.constructionequipmentguide.com/used-sweepers-for-sale/,,,https://d1ovd2ryr2wywi.cloudfront.net/305x0_d4669e1204639999,,,,,,,,,,,
,,"{'cat1_name': 'Sweepers', 'cat2_name': '', 'cat1_id': '', 'cat2_id': ''}",,,,,,,,,,,,,,,,2015 Lay-Mor Sweepmaster 400,https://www.constructionequipmentguide.com/used-equipment/lay-mor/sweepers/sweepmaster_400/id/38206033,,,,,,https://www.constructionequipmentguide.com/used-sweepers-for-sale/,,,https://d1ovd2ryr2wywi.cloudfront.net/305x0_d4669e1204639999,,,,,,,,,,,
,,"{'cat1_name': 'Sweepers', 'cat2_name': '', 'cat1_id': '', 'cat2_id': ''}",,,,,,,,,,,,,,,,2014 Tennant  T20,https://www.constructionequipmentguide.com/used-equipment/tennant/sweepers/t20/id/24994186,,,,,,https://www.constructionequipmentguide.com/used-sweepers-for-sale/,,,https://d1ovd2ryr2wywi.cloudfront.net/305x0_d4669e1204639999,,,,,,,,,,,
,,"{'cat1_name': 'Sweepers', 'cat2_name': '', 'cat1_id': '', 'cat2_id': ''}",,,,,,,,,,,,,,,,2014 Broce Broom KR-350,https://www.constructionequipmentguide.com/used-equipment/broce-broom/sweepers/kr-350/id/28267797,,,,,,https://www.constructionequipmentguide.com/used-sweepers-for-sale/,,,https://d1ovd2ryr2wywi.cloudfront.net/305x0_d4669e1204639999,,,,,,,,,,,
,,"{'cat1_name': 'Sweepers', 'cat2_name': '', 'cat1_id': '', 'cat2_id': ''}",,,,,,,,,,,,,,,,2014 Broce Broom KR-350,https://www.constructionequipmentguide.com/used-equipment/broce-broom/sweepers/kr-350/id/28345975,,,,,,https://www.constructionequipmentguide.com/used-sweepers-for-sale/,,,https://d1ovd2ryr2wywi.cloudfront.net/305x0_d4669e1204639999,,,,,,,,,,,
,,"{'cat1_name': 'Sweepers', 'cat2_name': '', 'cat1_id': '', 'cat2_id': ''}",,,,,,,,,,,,,,,,2014 Broce Broom KR-350,https://www.constructionequipmentguide.com/used-equipment/broce-broom/sweepers/kr-350/id/28580487,,,,,,https://www.constructionequipmentguide.com/used-sweepers-for-sale/,,,https://d1ovd2ryr2wywi.cloudfront.net/305x0_d4669e1204639999,,,,,,,,,,,
,,"{'cat1_name': 'Sweepers', 'cat2_name': '', 'cat1_id': '', 'cat2_id': ''}",,,,,,,,,,,,,,,,2014 Broce Broom KR-350,https://www.constructionequipmentguide.com/used-equipment/broce-broom/sweepers/kr-350/id/28581186,,,,,,https://www.constructionequipmentguide.com/used-sweepers-for-sale/,,,https://d1ovd2ryr2wywi.cloudfront.net/305x0_d4669e1204639999,,,,,,,,,,,
,,"{'cat1_name': 'Sweepers', 'cat2_name': '', 'cat1_id': '', 'cat2_id': ''}",,,,,,,,,,,,,,,,2014 Broce Broom KR-350,https://www.constructionequipmentguide.com/used-equipment/broce-broom/sweepers/kr-350/id/29704390,,,,,,https://www.constructionequipmentguide.com/used-sweepers-for-sale/,,,https://d1ovd2ryr2wywi.cloudfront.net/305x0_d4669e1204639999,,,,,,,,,,,
,,"{'cat1_name': 'Material Handlers', 'cat2_name': '', 'cat1_id': '', 'cat2_id': ''}",,,,,,,,,,,,,,,,2017 Terex MHL370F,https://www.constructionequipmentguide.com/used-equipment/terex/material-handlers/mhl370f/id/32747254,,,,,,https://www.constructionequipmentguide.com/used-material-handlers-for-sale/,,,https://d1ovd2ryr2wywi.cloudfront.net/305x0_d3698e1008982067,,,,,,,,,,,
,,"{'cat1_name': 'Material Handlers', 'cat2_name': '', 'cat1_id': '', 'cat2_id': ''}",,,,,,,,,,,,,,,,2019 Caterpillar MH3024-1,https://www.constructionequipmentguide.com/used-equipment/caterpillar/material-handlers/mh3024-1/id/36678432,,,,,,https://www.constructionequipmentguide.com/used-material-handlers-for-sale/,,,https://d1ovd2ryr2wywi.cloudfront.net/305x0_d3698e1008982067,,,,,,,,,,,
,,"{'cat1_name': 'Material Handlers', 'cat2_name': '', 'cat1_id': '', 'cat2_id': ''}",,,,,,,,,,,,,,,,2018 Caterpillar MH3024-1,https://www.constructionequipmentguide.com/used-equipment/caterpillar/material-handlers/mh3024-1/id/32354509,,,,,,https://www.constructionequipmentguide.com/used-material-handlers-for-sale/,,,https://d1ovd2ryr2wywi.cloudfront.net/305x0_d3698e1008982067,,,,,,,,,,,
,,"{'cat1_name': 'Material Handlers', 'cat2_name': '', 'cat1_id': '', 'cat2_id': ''}",,,,,,,,,,,,,,,,2018 Caterpillar MH3024-1,https://www.constructionequipmentguide.com/used-equipment/caterpillar/material-handlers/mh3024-1/id/36842072,,,,,,https://www.constructionequipmentguide.com/used-material-handlers-for-sale/,,,https://d1ovd2ryr2wywi.cloudfront.net/305x0_d3698e1008982067,,,,,,,,,,,
,,"{'cat1_name': 'Material Handlers', 'cat2_name': '', 'cat1_id': '', 'cat2_id': ''}",,,,,,,,,,,,,,,,2017 Caterpillar MH3022 IVC,https://www.constructionequipmentguide.com/used-equipment/caterpillar/material-handlers/mh3022_ivc/id/36199885,,,,,,https://www.constructionequipmentguide.com/used-material-handlers-for-sale/,,,https://d1ovd2ryr2wywi.cloudfront.net/305x0_d3698e1008982067,,,,,,,,,,,
,,"{'cat1_name': 'Material Handlers', 'cat2_name': '', 'cat1_id': '', 'cat2_id': ''}",,,,,,,,,,,,,,,,2016 Caterpillar MH3022 IVC,https://www.constructionequipmentguide.com/used-equipment/caterpillar/material-handlers/mh3022_ivc/id/36710000,,,,,,https://www.constructionequipmentguide.com/used-material-handlers-for-sale/,,,https://d1ovd2ryr2wywi.cloudfront.net/305x0_d3698e1008982067,,,,,,,,,,,
,,"{'cat1_name': 'Material Handlers', 'cat2_name': '', 'cat1_id': '', 'cat2_id': ''}",,,,,,,,,,,,,,,,2018 Caterpillar MH3022-06C,https://www.constructionequipmentguide.com/used-equipment/caterpillar/material-handlers/mh3022-06c/id/38473388,,,,,,https://www.constructionequipmentguide.com/used-material-handlers-for-sale/,,,https://d1ovd2ryr2wywi.cloudfront.net/305x0_d3698e1008982067,,,,,,,,,,,
,,"{'cat1_name': 'Material Handlers', 'cat2_name': '', 'cat1_id': '', 'cat2_id': ''}",,,,,,,,,,,,,,,,2017 Caterpillar MH3024,https://www.constructionequipmentguide.com/used-equipment/caterpillar/material-handlers/mh3024/id/26890445,,,,,,https://www.constructionequipmentguide.com/used-material-handlers-for-sale/,,,https://d1ovd2ryr2wywi.cloudfront.net/305x0_d3698e1008982067,,,,,,,,,,,
,,"{'cat1_name': 'Material Handlers', 'cat2_name': '', 'cat1_id': '', 'cat2_id': ''}",,,,,,,,,,,,,,,,2017 Caterpillar MH3024,https://www.constructionequipmentguide.com/used-equipment/caterpillar/material-handlers/mh3024/id/38473392,,,,,,https://www.constructionequipmentguide.com/used-material-handlers-for-sale/,,,https://d1ovd2ryr2wywi.cloudfront.net/305x0_d3698e1008982067,,,,,,,,,,,
,,"{'cat1_name': 'Material Handlers', 'cat2_name': '', 'cat1_id': '', 'cat2_id': ''}",,,,,,,,,,,,,,,,2018 Caterpillar MH3024-06C,https://www.constructionequipmentguide.com/used-equipment/caterpillar/material-handlers/mh3024-06c/id/38473399,,,,,,https://www.constructionequipmentguide.com/used-material-handlers-for-sale/,,,https://d1ovd2ryr2wywi.cloudfront.net/305x0_d3698e1008982067,,,,,,,,,,,
,,"{'cat1_name': 'Forklifts', 'cat2_name': '', 'cat1_id': '', 'cat2_id': ''}",,,,,,,,,,,,,,,,2015 John Deere RTF320K,https://www.constructionequipmentguide.com/used-equipment/john-deere/forklifts/rtf320k/id/34852670,,,,,,https://www.constructionequipmentguide.com/used-forklifts-for-sale/,,,https://d1ovd2ryr2wywi.cloudfront.net/305x0_d4462e1205450693,,,,,,,,,,,
,,"{'cat1_name': 'Forklifts', 'cat2_name': '', 'cat1_id': '', 'cat2_id': ''}",,,,,,,,,,,,,,,,2015 John Deere RTF240K,https://www.constructionequipmentguide.com/used-equipment/john-deere/forklifts/rtf240k/id/37077697,,,,,,https://www.constructionequipmentguide.com/used-forklifts-for-sale/,,,https://d1ovd2ryr2wywi.cloudfront.net/305x0_d4462e1205450693,,,,,,,,,,,
,,"{'cat1_name': 'Forklifts', 'cat2_name': '', 'cat1_id': '', 'cat2_id': ''}",,,,,,,,,,,,,,,,2015 John Deere RTF240K,https://www.constructionequipmentguide.com/used-equipment/john-deere/forklifts/rtf240k/id/34738811,,,,,,https://www.constructionequipmentguide.com/used-forklifts-for-sale/,,,https://d1ovd2ryr2wywi.cloudfront.net/305x0_d4462e1205450693,,,,,,,,,,,
,,"{'cat1_name': 'Forklifts', 'cat2_name': '', 'cat1_id': '', 'cat2_id': ''}",,,,,,,,,,,,,,,,2015 John Deere RTF240K,https://www.constructionequipmentguide.com/used-equipment/john-deere/forklifts/rtf240k/id/34828583,,,,,,https://www.constructionequipmentguide.com/used-forklifts-for-sale/,,,https://d1ovd2ryr2wywi.cloudfront.net/305x0_d4462e1205450693,,,,,,,,,,,
,,"{'cat1_name': 'Forklifts', 'cat2_name': '', 'cat1_id': '', 'cat2_id': ''}",,,,,,,,,,,,,,,,2014 John Deere RTF240K,https://www.constructionequipmentguide.com/used-equipment/john-deere/forklifts/rtf240k/id/35097224,,,,,,https://www.constructionequipmentguide.com/used-forklifts-for-sale/,,,https://d1ovd2ryr2wywi.cloudfront.net/305x0_d4462e1205450693,,,,,,,,,,,
,,"{'cat1_name': 'Forklifts', 'cat2_name': '', 'cat1_id': '', 'cat2_id': ''}",,,,,,,,,,,,,,,,2015 John Deere RTF240K,https://www.constructionequipmentguide.com/used-equipment/john-deere/forklifts/rtf240k/id/35906674,,,,,,https://www.constructionequipmentguide.com/used-forklifts-for-sale/,,,https://d1ovd2ryr2wywi.cloudfront.net/305x0_d4462e1205450693,,,,,,,,,,,
,,"{'cat1_name': 'Forklifts', 'cat2_name': '', 'cat1_id': '', 'cat2_id': ''}",,,,,,,,,,,,,,,,2018 Sellick S80,https://www.constructionequipmentguide.com/used-equipment/sellick/forklifts/s80/id/32891793,,,,,,https://www.constructionequipmentguide.com/used-forklifts-for-sale/,,,https://d1ovd2ryr2wywi.cloudfront.net/305x0_d4462e1205450693,,,,,,,,,,,
,,"{'cat1_name': 'Forklifts', 'cat2_name': '', 'cat1_id': '', 'cat2_id': ''}",,,,,,,,,,,,,,,,2018 Sellick S80,https://www.constructionequipmentguide.com/used-equipment/sellick/forklifts/s80/id/33005053,,,,,,https://www.constructionequipmentguide.com/used-forklifts-for-sale/,,,https://d1ovd2ryr2wywi.cloudfront.net/305x0_d4462e1205450693,,,,,,,,,,,
,,"{'cat1_name': 'Forklifts', 'cat2_name': '', 'cat1_id': '', 'cat2_id': ''}",,,,,,,,,,,,,,,,2018 Sellick S80,https://www.constructionequipmentguide.com/used-equipment/sellick/forklifts/s80/id/34693549,,,,,,https://www.constructionequipmentguide.com/used-forklifts-for-sale/,,,https://d1ovd2ryr2wywi.cloudfront.net/305x0_d4462e1205450693,,,,,,,,,,,
,,"{'cat1_name': 'Forklifts', 'cat2_name': '', 'cat1_id': '', 'cat2_id': ''}",,,,,,,,,,,,,,,,2018 Sellick S80,https://www.constructionequipmentguide.com/used-equipment/sellick/forklifts/s80/id/35646841,,,,,,https://www.constructionequipmentguide.com/used-forklifts-for-sale/,,,https://d1ovd2ryr2wywi.cloudfront.net/305x0_d4462e1205450693,,,,,,,,,,,
,,"{'cat1_name': 'Excavators', 'cat2_name': '', 'cat1_id': '', 'cat2_id': ''}",,,,,,,,,,,,,,,,2011 Caterpillar 336DL,https://www.constructionequipmentguide.com/used-equipment/caterpillar/excavators/336dl/id/36658788,,,,,,https://www.constructionequipmentguide.com/used-excavators-for-sale/,,,https://d1ovd2ryr2wywi.cloudfront.net/305x0_d9200e1200636112,,,,,,,,,,,
,,"{'cat1_name': 'Excavators', 'cat2_name': '', 'cat1_id': '', 'cat2_id': ''}",,,,,,,,,,,,,,,,2017 Caterpillar 320D2L,https://www.constructionequipmentguide.com/used-equipment/caterpillar/excavators/320d2l/id/36362591,,,,,,https://www.constructionequipmentguide.com/used-excavators-for-sale/,,,https://d1ovd2ryr2wywi.cloudfront.net/305x0_d9200e1200636112,,,,,,,,,,,
,,"{'cat1_name': 'Excavators', 'cat2_name': '', 'cat1_id': '', 'cat2_id': ''}",,,,,,,,,,,,,,,,2017 Caterpillar 320D2L,https://www.constructionequipmentguide.com/used-equipment/caterpillar/excavators/320d2l/id/36362590,,,,,,https://www.constructionequipmentguide.com/used-excavators-for-sale/,,,https://d1ovd2ryr2wywi.cloudfront.net/305x0_d9200e1200636112,,,,,,,,,,,
,,"{'cat1_name': 'Excavators', 'cat2_name': '', 'cat1_id': '', 'cat2_id': ''}",,,,,,,,,,,,,,,,2017 Caterpillar 320D2L,https://www.constructionequipmentguide.com/used-equipment/caterpillar/excavators/320d2l/id/36527429,,,,,,https://www.constructionequipmentguide.com/used-excavators-for-sale/,,,https://d1ovd2ryr2wywi.cloudfront.net/305x0_d9200e1200636112,,,,,,,,,,,
,,"{'cat1_name': 'Excavators', 'cat2_name': '', 'cat1_id': '', 'cat2_id': ''}",,,,,,,,,,,,,,,,2011 Komatsu PC 300-8,https://www.constructionequipmentguide.com/used-equipment/komatsu/excavators/pc_300-8/id/26722503,,,,,,https://www.constructionequipmentguide.com/used-excavators-for-sale/,,,https://d1ovd2ryr2wywi.cloudfront.net/305x0_d9200e1200636112,,,,,,,,,,,
,,"{'cat1_name': 'Excavators', 'cat2_name': '', 'cat1_id': '', 'cat2_id': ''}",,,,,,,,,,,,,,,,2007 Hitachi ZX270-3,https://www.constructionequipmentguide.com/used-equipment/hitachi/excavators/zx270-3/id/34551266,,,,,,https://www.constructionequipmentguide.com/used-excavators-for-sale/,,,https://d1ovd2ryr2wywi.cloudfront.net/305x0_d9200e1200636112,,,,,,,,,,,
,,"{'cat1_name': 'Excavators', 'cat2_name': '', 'cat1_id': '', 'cat2_id': ''}",,,,,,,,,,,,,,,,2015 Caterpillar 374FL,https://www.constructionequipmentguide.com/used-equipment/caterpillar/excavators/374fl/id/37682284,,,,,,https://www.constructionequipmentguide.com/used-excavators-for-sale/,,,https://d1ovd2ryr2wywi.cloudfront.net/305x0_d9200e1200636112,,,,,,,,,,,
,,"{'cat1_name': 'Excavators', 'cat2_name': '', 'cat1_id': '', 'cat2_id': ''}",,,,,,,,,,,,,,,,2014 Caterpillar 390DL,https://www.constructionequipmentguide.com/used-equipment/caterpillar/excavators/390dl/id/34630977,,,,,,https://www.constructionequipmentguide.com/used-excavators-for-sale/,,,https://d1ovd2ryr2wywi.cloudfront.net/305x0_d9200e1200636112,,,,,,,,,,,
,,"{'cat1_name': 'Excavators', 'cat2_name': '', 'cat1_id': '', 'cat2_id': ''}",,,,,,,,,,,,,,,,2014 Caterpillar 374FL,https://www.constructionequipmentguide.com/used-equipment/caterpillar/excavators/374fl/id/34272351,,,,,,https://www.constructionequipmentguide.com/used-excavators-for-sale/,,,https://d1ovd2ryr2wywi.cloudfront.net/305x0_d9200e1200636112,,,,,,,,,,,
,,"{'cat1_name': 'Excavators', 'cat2_name': '', 'cat1_id': '', 'cat2_id': ''}",,,,,,,,,,,,,,,,2016 Caterpillar 336D2L,https://www.constructionequipmentguide.com/used-equipment/caterpillar/excavators/336d2l/id/38257485,,,,,,https://www.constructionequipmentguide.com/used-excavators-for-sale/,,,https://d1ovd2ryr2wywi.cloudfront.net/305x0_d9200e1200636112,,,,,,,,,,,
,,"{'cat1_name': 'Drills', 'cat2_name': '', 'cat1_id': '', 'cat2_id': ''}",,,,,,,,,,,,,,,,2017 Soilmec SR30,https://www.constructionequipmentguide.com/used-equipment/soilmec/drills/sr30/id/34237253,,,,,,https://www.constructionequipmentguide.com/used-drills-for-sale/,,,https://d1ovd2ryr2wywi.cloudfront.net/305x0_d3701e1059071965,,,,,,,,,,,
,,"{'cat1_name': 'Drills', 'cat2_name': '', 'cat1_id': '', 'cat2_id': ''}",,,,,,,,,,,,,,,,2012 Caterpillar MD5075,https://www.constructionequipmentguide.com/used-equipment/caterpillar/drills/md5075/id/27861389,,,,,,https://www.constructionequipmentguide.com/used-drills-for-sale/,,,https://d1ovd2ryr2wywi.cloudfront.net/305x0_d3701e1059071965,,,,,,,,,,,
,,"{'cat1_name': 'Drills', 'cat2_name': '', 'cat1_id': '', 'cat2_id': ''}",,,,,,,,,,,,,,,,2014 Caterpillar MD5050T,https://www.constructionequipmentguide.com/used-equipment/caterpillar/drills/md5050t/id/29043856,,,,,,https://www.constructionequipmentguide.com/used-drills-for-sale/,,,https://d1ovd2ryr2wywi.cloudfront.net/305x0_d3701e1059071965,,,,,,,,,,,
,,"{'cat1_name': 'Drills', 'cat2_name': '', 'cat1_id': '', 'cat2_id': ''}",,,,,,,,,,,,,,,,2000 Tamrock 500,https://www.constructionequipmentguide.com/used-equipment/tamrock/drills/500/id/27264232,,,,,,https://www.constructionequipmentguide.com/used-drills-for-sale/,,,https://d1ovd2ryr2wywi.cloudfront.net/305x0_d3701e1059071965,,,,,,,,,,,
,,"{'cat1_name': 'Drills', 'cat2_name': '', 'cat1_id': '', 'cat2_id': ''}",,,,,,,,,,,,,,,,2006 Ditch Witch JT2020,https://www.constructionequipmentguide.com/used-equipment/ditch-witch/drills/jt2020/id/25592192,,,,,,https://www.constructionequipmentguide.com/used-drills-for-sale/,,,https://d1ovd2ryr2wywi.cloudfront.net/305x0_d3701e1059071965,,,,,,,,,,,
,,"{'cat1_name': 'Drills', 'cat2_name': '', 'cat1_id': '', 'cat2_id': ''}",,,,,,,,,,,,,,,,2009 Ditch Witch JT1220,https://www.constructionequipmentguide.com/used-equipment/ditch-witch/drills/jt1220/id/25592012,,,,,,https://www.constructionequipmentguide.com/used-drills-for-sale/,,,https://d1ovd2ryr2wywi.cloudfront.net/305x0_d3701e1059071965,,,,,,,,,,,
,,"{'cat1_name': 'Drills', 'cat2_name': '', 'cat1_id': '', 'cat2_id': ''}",,,,,,,,,,,,,,,,2008 SEEDMASTER 8014,https://www.constructionequipmentguide.com/used-equipment/seedmaster/drills/8014/id/22324331,,,,,,https://www.constructionequipmentguide.com/used-drills-for-sale/,,,https://d1ovd2ryr2wywi.cloudfront.net/305x0_d3701e1059071965,,,,,,,,,,,
,,"{'cat1_name': 'Drills', 'cat2_name': '', 'cat1_id': '', 'cat2_id': ''}",,,,,,,,,,,,,,,,2008 Ditch Witch JT922,https://www.constructionequipmentguide.com/used-equipment/ditch-witch/drills/jt922/id/37286089,,,,,,https://www.constructionequipmentguide.com/used-drills-for-sale/,,,https://d1ovd2ryr2wywi.cloudfront.net/305x0_d3701e1059071965,,,,,,,,,,,
,,"{'cat1_name': 'Drills', 'cat2_name': '', 'cat1_id': '', 'cat2_id': ''}",,,,,,,,,,,,,,,,Sandvik HL300,https://www.constructionequipmentguide.com/used-equipment/sandvik/drills/hl300/id/31734121,,,,,,https://www.constructionequipmentguide.com/used-drills-for-sale/,,,https://d1ovd2ryr2wywi.cloudfront.net/305x0_d3701e1059071965,,,,,,,,,,,
,,"{'cat1_name': 'Drills', 'cat2_name': '', 'cat1_id': '', 'cat2_id': ''}",,,,,,,,,,,,,,,,2000 Ingersoll Rand ECM635,https://www.constructionequipmentguide.com/used-equipment/ingersoll-rand/drills/ecm635/id/37282282,,,,,,https://www.constructionequipmentguide.com/used-drills-for-sale/,,,https://d1ovd2ryr2wywi.cloudfront.net/305x0_d3701e1059071965,,,,,,,,,,,
,,"{'cat1_name': 'Compact Track Loaders', 'cat2_name': '', 'cat1_id': '', 'cat2_id': ''}",,,,,,,,,,,,,,,,2019 Caterpillar 299D2XHP,https://www.constructionequipmentguide.com/used-equipment/caterpillar/compact-track-loaders/299d2xhp/id/36744071,,,,,,https://www.constructionequipmentguide.com/used-compact-track-loaders-for-sale/,,,https://d1ovd2ryr2wywi.cloudfront.net/305x0_d2433e1139870811,,,,,,,,,,,
,,"{'cat1_name': 'Compact Track Loaders', 'cat2_name': '', 'cat1_id': '', 'cat2_id': ''}",,,,,,,,,,,,,,,,2017 Caterpillar 299D2XHP,https://www.constructionequipmentguide.com/used-equipment/caterpillar/compact-track-loaders/299d2xhp/id/38112648,,,,,,https://www.constructionequipmentguide.com/used-compact-track-loaders-for-sale/,,,https://d1ovd2ryr2wywi.cloudfront.net/305x0_d2433e1139870811,,,,,,,,,,,
,,"{'cat1_name': 'Compact Track Loaders', 'cat2_name': '', 'cat1_id': '', 'cat2_id': ''}",,,,,,,,,,,,,,,,2020 Caterpillar 299D3XE,https://www.constructionequipmentguide.com/used-equipment/caterpillar/compact-track-loaders/299d3xe/id/38683807,,,,,,https://www.constructionequipmentguide.com/used-compact-track-loaders-for-sale/,,,https://d1ovd2ryr2wywi.cloudfront.net/305x0_d2433e1139870811,,,,,,,,,,,
,,"{'cat1_name': 'Compact Track Loaders', 'cat2_name': '', 'cat1_id': '', 'cat2_id': ''}",,,,,,,,,,,,,,,,2020 Caterpillar 299D3XE,https://www.constructionequipmentguide.com/used-equipment/caterpillar/compact-track-loaders/299d3xe/id/38683805,,,,,,https://www.constructionequipmentguide.com/used-compact-track-loaders-for-sale/,,,https://d1ovd2ryr2wywi.cloudfront.net/305x0_d2433e1139870811,,,,,,,,,,,
,,"{'cat1_name': 'Compact Track Loaders', 'cat2_name': '', 'cat1_id': '', 'cat2_id': ''}",,,,,,,,,,,,,,,,2020 Caterpillar 299D3XE,https://www.constructionequipmentguide.com/used-equipment/caterpillar/compact-track-loaders/299d3xe/id/38683810,,,,,,https://www.constructionequipmentguide.com/used-compact-track-loaders-for-sale/,,,https://d1ovd2ryr2wywi.cloudfront.net/305x0_d2433e1139870811,,,,,,,,,,,
,,"{'cat1_name': 'Compact Track Loaders', 'cat2_name': '', 'cat1_id': '', 'cat2_id': ''}",,,,,,,,,,,,,,,,2020 Caterpillar 299D3XE,https://www.constructionequipmentguide.com/used-equipment/caterpillar/compact-track-loaders/299d3xe/id/38683817,,,,,,https://www.constructionequipmentguide.com/used-compact-track-loaders-for-sale/,,,https://d1ovd2ryr2wywi.cloudfront.net/305x0_d2433e1139870811,,,,,,,,,,,
,,"{'cat1_name': 'Compact Track Loaders', 'cat2_name': '', 'cat1_id': '', 'cat2_id': ''}",,,,,,,,,,,,,,,,2020 Caterpillar 299D3XE,https://www.constructionequipmentguide.com/used-equipment/caterpillar/compact-track-loaders/299d3xe/id/37735959,,,,,,https://www.constructionequipmentguide.com/used-compact-track-loaders-for-sale/,,,https://d1ovd2ryr2wywi.cloudfront.net/305x0_d2433e1139870811,,,,,,,,,,,
,,"{'cat1_name': 'Compact Track Loaders', 'cat2_name': '', 'cat1_id': '', 'cat2_id': ''}",,,,,,,,,,,,,,,,2020 Caterpillar 299D3XE,https://www.constructionequipmentguide.com/used-equipment/caterpillar/compact-track-loaders/299d3xe/id/38683813,,,,,,https://www.constructionequipmentguide.com/used-compact-track-loaders-for-sale/,,,https://d1ovd2ryr2wywi.cloudfront.net/305x0_d2433e1139870811,,,,,,,,,,,
,,"{'cat1_name': 'Compact Track Loaders', 'cat2_name': '', 'cat1_id': '', 'cat2_id': ''}",,,,,,,,,,,,,,,,2020 Caterpillar 299D3XE,https://www.constructionequipmentguide.com/used-equipment/caterpillar/compact-track-loaders/299d3xe/id/38512781,,,,,,https://www.constructionequipmentguide.com/used-compact-track-loaders-for-sale/,,,https://d1ovd2ryr2wywi.cloudfront.net/305x0_d2433e1139870811,,,,,,,,,,,
,,"{'cat1_name': 'Compact Track Loaders', 'cat2_name': '', 'cat1_id': '', 'cat2_id': ''}",,,,,,,,,,,,,,,,2020 Caterpillar 299D3XE,https://www.constructionequipmentguide.com/used-equipment/caterpillar/compact-track-loaders/299d3xe/id/38634011,,,,,,https://www.constructionequipmentguide.com/used-compact-track-loaders-for-sale/,,,https://d1ovd2ryr2wywi.cloudfront.net/305x0_d2433e1139870811,,,,,,,,,,,
,,"{'cat1_name': 'Backhoe Loaders', 'cat2_name': '', 'cat1_id': '', 'cat2_id': ''}",,,,,,,,,,,,,,,,2019 Caterpillar 428F2LRC,https://www.constructionequipmentguide.com/used-equipment/caterpillar/backhoe-loaders/428f2lrc/id/37622708,,,,,,https://www.constructionequipmentguide.com/used-backhoe-loaders-for-sale/,,,https://d1ovd2ryr2wywi.cloudfront.net/305x0_d9200e1169048329,,,,,,,,,,,
,,"{'cat1_name': 'Backhoe Loaders', 'cat2_name': '', 'cat1_id': '', 'cat2_id': ''}",,,,,,,,,,,,,,,,2013 Volvo BL61B,https://www.constructionequipmentguide.com/used-equipment/volvo/backhoe-loaders/bl61b/id/37836991,,,,,,https://www.constructionequipmentguide.com/used-backhoe-loaders-for-sale/,,,https://d1ovd2ryr2wywi.cloudfront.net/305x0_d9200e1169048329,,,,,,,,,,,
,,"{'cat1_name': 'Backhoe Loaders', 'cat2_name': '', 'cat1_id': '', 'cat2_id': ''}",,,,,,,,,,,,,,,,2012 Volvo BL61B,https://www.constructionequipmentguide.com/used-equipment/volvo/backhoe-loaders/bl61b/id/37836992,,,,,,https://www.constructionequipmentguide.com/used-backhoe-loaders-for-sale/,,,https://d1ovd2ryr2wywi.cloudfront.net/305x0_d9200e1169048329,,,,,,,,,,,
,,"{'cat1_name': 'Backhoe Loaders', 'cat2_name': '', 'cat1_id': '', 'cat2_id': ''}",,,,,,,,,,,,,,,,2017 Caterpillar 416F2STLRC,https://www.constructionequipmentguide.com/used-equipment/caterpillar/backhoe-loaders/416f2stlrc/id/38257498,,,,,,https://www.constructionequipmentguide.com/used-backhoe-loaders-for-sale/,,,https://d1ovd2ryr2wywi.cloudfront.net/305x0_d9200e1169048329,,,,,,,,,,,
,,"{'cat1_name': 'Backhoe Loaders', 'cat2_name': '', 'cat1_id': '', 'cat2_id': ''}",,,,,,,,,,,,,,,,2017 Caterpillar 416F2STLRC,https://www.constructionequipmentguide.com/used-equipment/caterpillar/backhoe-loaders/416f2stlrc/id/38257500,,,,,,https://www.constructionequipmentguide.com/used-backhoe-loaders-for-sale/,,,https://d1ovd2ryr2wywi.cloudfront.net/305x0_d9200e1169048329,,,,,,,,,,,
,,"{'cat1_name': 'Backhoe Loaders', 'cat2_name': '', 'cat1_id': '', 'cat2_id': ''}",,,,,,,,,,,,,,,,2017 Caterpillar 416F2STLRC,https://www.constructionequipmentguide.com/used-equipment/caterpillar/backhoe-loaders/416f2stlrc/id/38257501,,,,,,https://www.constructionequipmentguide.com/used-backhoe-loaders-for-sale/,,,https://d1ovd2ryr2wywi.cloudfront.net/305x0_d9200e1169048329,,,,,,,,,,,
,,"{'cat1_name': 'Backhoe Loaders', 'cat2_name': '', 'cat1_id': '', 'cat2_id': ''}",,,,,,,,,,,,,,,,2017 Caterpillar 416F2STLRC,https://www.constructionequipmentguide.com/used-equipment/caterpillar/backhoe-loaders/416f2stlrc/id/38257502,,,,,,https://www.constructionequipmentguide.com/used-backhoe-loaders-for-sale/,,,https://d1ovd2ryr2wywi.cloudfront.net/305x0_d9200e1169048329,,,,,,,,,,,
,,"{'cat1_name': 'Backhoe Loaders', 'cat2_name': '', 'cat1_id': '', 'cat2_id': ''}",,,,,,,,,,,,,,,,2017 Caterpillar 416F2STLRC,https://www.constructionequipmentguide.com/used-equipment/caterpillar/backhoe-loaders/416f2stlrc/id/38257503,,,,,,https://www.constructionequipmentguide.com/used-backhoe-loaders-for-sale/,,,https://d1ovd2ryr2wywi.cloudfront.net/305x0_d9200e1169048329,,,,,,,,,,,
,,"{'cat1_name': 'Backhoe Loaders', 'cat2_name': '', 'cat1_id': '', 'cat2_id': ''}",,,,,,,,,,,,,,,,2017 Caterpillar 416F2STLRC,https://www.constructionequipmentguide.com/used-equipment/caterpillar/backhoe-loaders/416f2stlrc/id/38257504,,,,,,https://www.constructionequipmentguide.com/used-backhoe-loaders-for-sale/,,,https://d1ovd2ryr2wywi.cloudfront.net/305x0_d9200e1169048329,,,,,,,,,,,
,,"{'cat1_name': 'Backhoe Loaders', 'cat2_name': '', 'cat1_id': '', 'cat2_id': ''}",,,,,,,,,,,,,,,,2017 Caterpillar 416F2STLRC,https://www.constructionequipmentguide.com/used-equipment/caterpillar/backhoe-loaders/416f2stlrc/id/38257508,,,,,,https://www.constructionequipmentguide.com/used-backhoe-loaders-for-sale/,,,https://d1ovd2ryr2wywi.cloudfront.net/305x0_d9200e1169048329,,,,,,,,,,,
,,"{'cat1_name': 'Air Compressors', 'cat2_name': '', 'cat1_id': '', 'cat2_id': ''}",,,,,,,,,,,,,,,,2018 Doosan Portable Power HP1600 T4F,https://www.constructionequipmentguide.com/used-equipment/doosan-portable-power/air-compressors/hp1600_t4f/id/35178979,,,,,,https://www.constructionequipmentguide.com/used-air-compressors-for-sale/,,,https://d1ovd2ryr2wywi.cloudfront.net/305x0_d766e1204511091,,,,,,,,,,,
,,"{'cat1_name': 'Air Compressors', 'cat2_name': '', 'cat1_id': '', 'cat2_id': ''}",,,,,,,,,,,,,,,,2016 Atlas Copco XAS 1800 IT4,https://www.constructionequipmentguide.com/used-equipment/atlas-copco/air-compressors/xas_1800_it4/id/26620452,,,,,,https://www.constructionequipmentguide.com/used-air-compressors-for-sale/,,,https://d1ovd2ryr2wywi.cloudfront.net/305x0_d766e1204511091,,,,,,,,,,,
,,"{'cat1_name': 'Air Compressors', 'cat2_name': '', 'cat1_id': '', 'cat2_id': ''}",,,,,,,,,,,,,,,,2012 Sullair 1600HAF,https://www.constructionequipmentguide.com/used-equipment/sullair/air-compressors/1600haf/id/32886133,,,,,,https://www.constructionequipmentguide.com/used-air-compressors-for-sale/,,,https://d1ovd2ryr2wywi.cloudfront.net/305x0_d766e1204511091,,,,,,,,,,,
,,"{'cat1_name': 'Air Compressors', 'cat2_name': '', 'cat1_id': '', 'cat2_id': ''}",,,,,,,,,,,,,,,,2012 Sullair 1600HAF,https://www.constructionequipmentguide.com/used-equipment/sullair/air-compressors/1600haf/id/30073409,,,,,,https://www.constructionequipmentguide.com/used-air-compressors-for-sale/,,,https://d1ovd2ryr2wywi.cloudfront.net/305x0_d766e1204511091,,,,,,,,,,,
,,"{'cat1_name': 'Air Compressors', 'cat2_name': '', 'cat1_id': '', 'cat2_id': ''}",,,,,,,,,,,,,,,,2014 Doosan Portable Power HP1600 T4i,https://www.constructionequipmentguide.com/used-equipment/doosan-portable-power/air-compressors/hp1600_t4i/id/22943373,,,,,,https://www.constructionequipmentguide.com/used-air-compressors-for-sale/,,,https://d1ovd2ryr2wywi.cloudfront.net/305x0_d766e1204511091,,,,,,,,,,,
,,"{'cat1_name': 'Air Compressors', 'cat2_name': '', 'cat1_id': '', 'cat2_id': ''}",,,,,,,,,,,,,,,,2014 Doosan Portable Power HP1600 T4i,https://www.constructionequipmentguide.com/used-equipment/doosan-portable-power/air-compressors/hp1600_t4i/id/31828400,,,,,,https://www.constructionequipmentguide.com/used-air-compressors-for-sale/,,,https://d1ovd2ryr2wywi.cloudfront.net/305x0_d766e1204511091,,,,,,,,,,,
,,"{'cat1_name': 'Air Compressors', 'cat2_name': '', 'cat1_id': '', 'cat2_id': ''}",,,,,,,,,,,,,,,,2012 Sullair 1600HAF,https://www.constructionequipmentguide.com/used-equipment/sullair/air-compressors/1600haf/id/30046447,,,,,,https://www.constructionequipmentguide.com/used-air-compressors-for-sale/,,,https://d1ovd2ryr2wywi.cloudfront.net/305x0_d766e1204511091,,,,,,,,,,,
,,"{'cat1_name': 'Air Compressors', 'cat2_name': '', 'cat1_id': '', 'cat2_id': ''}",,,,,,,,,,,,,,,,2006 Sullair 1600HAF,https://www.constructionequipmentguide.com/used-equipment/sullair/air-compressors/1600haf/id/32892809,,,,,,https://www.constructionequipmentguide.com/used-air-compressors-for-sale/,,,https://d1ovd2ryr2wywi.cloudfront.net/305x0_d766e1204511091,,,,,,,,,,,
,,"{'cat1_name': 'Air Compressors', 'cat2_name': '', 'cat1_id': '', 'cat2_id': ''}",,,,,,,,,,,,,,,,2013 Doosan Portable Power HP1600 T4i,https://www.constructionequipmentguide.com/used-equipment/doosan-portable-power/air-compressors/hp1600_t4i/id/30431463,,,,,,https://www.constructionequipmentguide.com/used-air-compressors-for-sale/,,,https://d1ovd2ryr2wywi.cloudfront.net/305x0_d766e1204511091,,,,,,,,,,,
,,"{'cat1_name': 'Air Compressors', 'cat2_name': '', 'cat1_id': '', 'cat2_id': ''}",,,,,,,,,,,,,,,,2013 Doosan Portable Power HP1600 T4i,https://www.constructionequipmentguide.com/used-equipment/doosan-portable-power/air-compressors/hp1600_t4i/id/31467094,,,,,,https://www.constructionequipmentguide.com/used-air-compressors-for-sale/,,,https://d1ovd2ryr2wywi.cloudfront.net/305x0_d766e1204511091,,,,,,,,,,,
,,"{'cat1_name': 'Aerial Lifts', 'cat2_name': '', 'cat1_id': '', 'cat2_id': ''}",,,,,,,,,,,,,,,,2015 JLG 800AJ,https://www.constructionequipmentguide.com/used-equipment/jlg/aerial-lifts/800aj/id/32889972,,,,,,https://www.constructionequipmentguide.com/used-aerial-lifts-for-sale/2,,,https://d1ovd2ryr2wywi.cloudfront.net/305x0_d766e1204496351,,,,,,,,,,,
,,"{'cat1_name': 'Aerial Lifts', 'cat2_name': '', 'cat1_id': '', 'cat2_id': ''}",,,,,,,,,,,,,,,,2015 JLG 800AJ,https://www.constructionequipmentguide.com/used-equipment/jlg/aerial-lifts/800aj/id/32892733,,,,,,https://www.constructionequipmentguide.com/used-aerial-lifts-for-sale/2,,,https://d1ovd2ryr2wywi.cloudfront.net/305x0_d766e1204496351,,,,,,,,,,,
,,"{'cat1_name': 'Aerial Lifts', 'cat2_name': '', 'cat1_id': '', 'cat2_id': ''}",,,,,,,,,,,,,,,,2015 Genie Z-80/60,https://www.constructionequipmentguide.com/used-equipment/genie/aerial-lifts/z-80|60/id/32889302,,,,,,https://www.constructionequipmentguide.com/used-aerial-lifts-for-sale/2,,,https://d1ovd2ryr2wywi.cloudfront.net/305x0_d766e1204496351,,,,,,,,,,,
,,"{'cat1_name': 'Aerial Lifts', 'cat2_name': '', 'cat1_id': '', 'cat2_id': ''}",,,,,,,,,,,,,,,,2014 JLG 800AJ,https://www.constructionequipmentguide.com/used-equipment/jlg/aerial-lifts/800aj/id/32887537,,,,,,https://www.constructionequipmentguide.com/used-aerial-lifts-for-sale/2,,,https://d1ovd2ryr2wywi.cloudfront.net/305x0_d766e1204496351,,,,,,,,,,,
,,"{'cat1_name': 'Aerial Lifts', 'cat2_name': '', 'cat1_id': '', 'cat2_id': ''}",,,,,,,,,,,,,,,,2014 JLG 800AJ,https://www.constructionequipmentguide.com/used-equipment/jlg/aerial-lifts/800aj/id/32887988,,,,,,https://www.constructionequipmentguide.com/used-aerial-lifts-for-sale/2,,,https://d1ovd2ryr2wywi.cloudfront.net/305x0_d766e1204496351,,,,,,,,,,,
,,"{'cat1_name': 'Aerial Lifts', 'cat2_name': '', 'cat1_id': '', 'cat2_id': ''}",,,,,,,,,,,,,,,,2011 JLG 1250AJP,https://www.constructionequipmentguide.com/used-equipment/jlg/aerial-lifts/1250ajp/id/28813874,,,,,,https://www.constructionequipmentguide.com/used-aerial-lifts-for-sale/2,,,https://d1ovd2ryr2wywi.cloudfront.net/305x0_d766e1204496351,,,,,,,,,,,
,,"{'cat1_name': 'Aerial Lifts', 'cat2_name': '', 'cat1_id': '', 'cat2_id': ''}",,,,,,,,,,,,,,,,2011 Genie Z-135/70,https://www.constructionequipmentguide.com/used-equipment/genie/aerial-lifts/z-135|70/id/25245916,,,,,,https://www.constructionequipmentguide.com/used-aerial-lifts-for-sale/2,,,https://d1ovd2ryr2wywi.cloudfront.net/305x0_d766e1204496351,,,,,,,,,,,
,,"{'cat1_name': 'Aerial Lifts', 'cat2_name': '', 'cat1_id': '', 'cat2_id': ''}",,,,,,,,,,,,,,,,2011 Genie Z-135/70,https://www.constructionequipmentguide.com/used-equipment/genie/aerial-lifts/z-135|70/id/29579531,,,,,,https://www.constructionequipmentguide.com/used-aerial-lifts-for-sale/2,,,https://d1ovd2ryr2wywi.cloudfront.net/305x0_d766e1204496351,,,,,,,,,,,
,,"{'cat1_name': 'Aerial Lifts', 'cat2_name': '', 'cat1_id': '', 'cat2_id': ''}",,,,,,,,,,,,,,,,2017 JLG 860SJ,https://www.constructionequipmentguide.com/used-equipment/jlg/aerial-lifts/860sj/id/32118824,,,,,,https://www.constructionequipmentguide.com/used-aerial-lifts-for-sale/2,,,https://d1ovd2ryr2wywi.cloudfront.net/305x0_d766e1204496351,,,,,,,,,,,
,,"{'cat1_name': 'Aerial Lifts', 'cat2_name': '', 'cat1_id': '', 'cat2_id': ''}",,,,,,,,,,,,,,,,2013 Genie Z-80/60,https://www.constructionequipmentguide.com/used-equipment/genie/aerial-lifts/z-80|60/id/38740154,,,,,,https://www.constructionequipmentguide.com/used-aerial-lifts-for-sale/2,,,https://d1ovd2ryr2wywi.cloudfront.net/305x0_d766e1204496351,,,,,,,,,,,
,,"{'cat1_name': 'Wheel Loaders', 'cat2_name': '', 'cat1_id': '', 'cat2_id': ''}",,,,,,,,,,,,,,,,2015 Caterpillar R 1600 H,https://www.constructionequipmentguide.com/used-equipment/caterpillar/wheel-loaders/r_1600_h/id/33468800,,,,,,https://www.constructionequipmentguide.com/used-wheel-loaders-for-sale/2,,,https://d1ovd2ryr2wywi.cloudfront.net/305x0_d9194e1194647693,,,,,,,,,,,
,,"{'cat1_name': 'Wheel Loaders', 'cat2_name': '', 'cat1_id': '', 'cat2_id': ''}",,,,,,,,,,,,,,,,2017 Caterpillar 924K,https://www.constructionequipmentguide.com/used-equipment/caterpillar/wheel-loaders/924k/id/38257529,,,,,,https://www.constructionequipmentguide.com/used-wheel-loaders-for-sale/2,,,https://d1ovd2ryr2wywi.cloudfront.net/305x0_d9194e1194647693,,,,,,,,,,,
,,"{'cat1_name': 'Wheel Loaders', 'cat2_name': '', 'cat1_id': '', 'cat2_id': ''}",,,,,,,,,,,,,,,,2015 Caterpillar 950GC,https://www.constructionequipmentguide.com/used-equipment/caterpillar/wheel-loaders/950gc/id/38257493,,,,,,https://www.constructionequipmentguide.com/used-wheel-loaders-for-sale/2,,,https://d1ovd2ryr2wywi.cloudfront.net/305x0_d9194e1194647693,,,,,,,,,,,
,,"{'cat1_name': 'Wheel Loaders', 'cat2_name': '', 'cat1_id': '', 'cat2_id': ''}",,,,,,,,,,,,,,,,2015 Caterpillar 950GC,https://www.constructionequipmentguide.com/used-equipment/caterpillar/wheel-loaders/950gc/id/38257495,,,,,,https://www.constructionequipmentguide.com/used-wheel-loaders-for-sale/2,,,https://d1ovd2ryr2wywi.cloudfront.net/305x0_d9194e1194647693,,,,,,,,,,,
,,"{'cat1_name': 'Wheel Loaders', 'cat2_name': '', 'cat1_id': '', 'cat2_id': ''}",,,,,,,,,,,,,,,,2016 Caterpillar 924K,https://www.constructionequipmentguide.com/used-equipment/caterpillar/wheel-loaders/924k/id/38257522,,,,,,https://www.constructionequipmentguide.com/used-wheel-loaders-for-sale/2,,,https://d1ovd2ryr2wywi.cloudfront.net/305x0_d9194e1194647693,,,,,,,,,,,
,,"{'cat1_name': 'Wheel Loaders', 'cat2_name': '', 'cat1_id': '', 'cat2_id': ''}",,,,,,,,,,,,,,,,2018 Caterpillar 980M,https://www.constructionequipmentguide.com/used-equipment/caterpillar/wheel-loaders/980m/id/31787252,,,,,,https://www.constructionequipmentguide.com/used-wheel-loaders-for-sale/2,,,https://d1ovd2ryr2wywi.cloudfront.net/305x0_d9194e1194647693,,,,,,,,,,,
,,"{'cat1_name': 'Wheel Loaders', 'cat2_name': '', 'cat1_id': '', 'cat2_id': ''}",,,,,,,,,,,,,,,,2015 Caterpillar 950GC,https://www.constructionequipmentguide.com/used-equipment/caterpillar/wheel-loaders/950gc/id/38257494,,,,,,https://www.constructionequipmentguide.com/used-wheel-loaders-for-sale/2,,,https://d1ovd2ryr2wywi.cloudfront.net/305x0_d9194e1194647693,,,,,,,,,,,
,,"{'cat1_name': 'Wheel Loaders', 'cat2_name': '', 'cat1_id': '', 'cat2_id': ''}",,,,,,,,,,,,,,,,2018 Caterpillar R 1300 G,https://www.constructionequipmentguide.com/used-equipment/caterpillar/wheel-loaders/r_1300_g/id/33515925,,,,,,https://www.constructionequipmentguide.com/used-wheel-loaders-for-sale/2,,,https://d1ovd2ryr2wywi.cloudfront.net/305x0_d9194e1194647693,,,,,,,,,,,
,,"{'cat1_name': 'Wheel Loaders', 'cat2_name': '', 'cat1_id': '', 'cat2_id': ''}",,,,,,,,,,,,,,,,2016 Caterpillar 980M,https://www.constructionequipmentguide.com/used-equipment/caterpillar/wheel-loaders/980m/id/30603263,,,,,,https://www.constructionequipmentguide.com/used-wheel-loaders-for-sale/2,,,https://d1ovd2ryr2wywi.cloudfront.net/305x0_d9194e1194647693,,,,,,,,,,,
,,"{'cat1_name': 'Wheel Loaders', 'cat2_name': '', 'cat1_id': '', 'cat2_id': ''}",,,,,,,,,,,,,,,,2015 Caterpillar R1600H,https://www.constructionequipmentguide.com/used-equipment/caterpillar/wheel-loaders/r1600h/id/27630514,,,,,,https://www.constructionequipmentguide.com/used-wheel-loaders-for-sale/2,,,https://d1ovd2ryr2wywi.cloudfront.net/305x0_d9194e1194647693,,,,,,,,,,,
,,"{'cat1_name': 'Welders', 'cat2_name': '', 'cat1_id': '', 'cat2_id': ''}",,,,,,,,,,,,,,,,2016 Miller Big Blue 500 Pro,https://www.constructionequipmentguide.com/used-equipment/miller/welders/big_blue_500_pro/id/31314051,,,,,,https://www.constructionequipmentguide.com/used-welders-for-sale/2,,,https://d1ovd2ryr2wywi.cloudfront.net/305x0_d766e1204502830,,,,,,,,,,,
,,"{'cat1_name': 'Welders', 'cat2_name': '', 'cat1_id': '', 'cat2_id': ''}",,,,,,,,,,,,,,,,2016 Miller Big Blue 500 Pro,https://www.constructionequipmentguide.com/used-equipment/miller/welders/big_blue_500_pro/id/31791195,,,,,,https://www.constructionequipmentguide.com/used-welders-for-sale/2,,,https://d1ovd2ryr2wywi.cloudfront.net/305x0_d766e1204502830,,,,,,,,,,,
,,"{'cat1_name': 'Welders', 'cat2_name': '', 'cat1_id': '', 'cat2_id': ''}",,,,,,,,,,,,,,,,2016 Miller Big Blue 500 Pro,https://www.constructionequipmentguide.com/used-equipment/miller/welders/big_blue_500_pro/id/32119054,,,,,,https://www.constructionequipmentguide.com/used-welders-for-sale/2,,,https://d1ovd2ryr2wywi.cloudfront.net/305x0_d766e1204502830,,,,,,,,,,,
,,"{'cat1_name': 'Welders', 'cat2_name': '', 'cat1_id': '', 'cat2_id': ''}",,,,,,,,,,,,,,,,2016 Lincoln Vantage 520,https://www.constructionequipmentguide.com/used-equipment/lincoln/welders/vantage_520/id/25161634,,,,,,https://www.constructionequipmentguide.com/used-welders-for-sale/2,,,https://d1ovd2ryr2wywi.cloudfront.net/305x0_d766e1204502830,,,,,,,,,,,
,,"{'cat1_name': 'Welders', 'cat2_name': '', 'cat1_id': '', 'cat2_id': ''}",,,,,,,,,,,,,,,,2016 Lincoln Vantage 520,https://www.constructionequipmentguide.com/used-equipment/lincoln/welders/vantage_520/id/32118938,,,,,,https://www.constructionequipmentguide.com/used-welders-for-sale/2,,,https://d1ovd2ryr2wywi.cloudfront.net/305x0_d766e1204502830,,,,,,,,,,,
,,"{'cat1_name': 'Welders', 'cat2_name': '', 'cat1_id': '', 'cat2_id': ''}",,,,,,,,,,,,,,,,2016 Lincoln Vantage 520,https://www.constructionequipmentguide.com/used-equipment/lincoln/welders/vantage_520/id/33694063,,,,,,https://www.constructionequipmentguide.com/used-welders-for-sale/2,,,https://d1ovd2ryr2wywi.cloudfront.net/305x0_d766e1204502830,,,,,,,,,,,
,,"{'cat1_name': 'Welders', 'cat2_name': '', 'cat1_id': '', 'cat2_id': ''}",,,,,,,,,,,,,,,,2016 Lincoln Vantage 520,https://www.constructionequipmentguide.com/used-equipment/lincoln/welders/vantage_520/id/33817044,,,,,,https://www.constructionequipmentguide.com/used-welders-for-sale/2,,,https://d1ovd2ryr2wywi.cloudfront.net/305x0_d766e1204502830,,,,,,,,,,,
,,"{'cat1_name': 'Welders', 'cat2_name': '', 'cat1_id': '', 'cat2_id': ''}",,,,,,,,,,,,,,,,2017 Multiquip DLW400ESA4,https://www.constructionequipmentguide.com/used-equipment/multiquip/welders/dlw400esa4/id/23438201,,,,,,https://www.constructionequipmentguide.com/used-welders-for-sale/2,,,https://d1ovd2ryr2wywi.cloudfront.net/305x0_d766e1204502830,,,,,,,,,,,
,,"{'cat1_name': 'Welders', 'cat2_name': '', 'cat1_id': '', 'cat2_id': ''}",,,,,,,,,,,,,,,,2015 Miller Big Blue 500,https://www.constructionequipmentguide.com/used-equipment/miller/welders/big_blue_500/id/32115245,,,,,,https://www.constructionequipmentguide.com/used-welders-for-sale/2,,,https://d1ovd2ryr2wywi.cloudfront.net/305x0_d766e1204502830,,,,,,,,,,,
,,"{'cat1_name': 'Welders', 'cat2_name': '', 'cat1_id': '', 'cat2_id': ''}",,,,,,,,,,,,,,,,2015 Miller Big Blue 500,https://www.constructionequipmentguide.com/used-equipment/miller/welders/big_blue_500/id/32979829,,,,,,https://www.constructionequipmentguide.com/used-welders-for-sale/2,,,https://d1ovd2ryr2wywi.cloudfront.net/305x0_d766e1204502830,,,,,,,,,,,
,,"{'cat1_name': 'Utility Vehicles', 'cat2_name': '', 'cat1_id': '', 'cat2_id': ''}",,,,,,,,,,,,,,,,2011 POLARIS 800,https://www.constructionequipmentguide.com/used-equipment/polaris/utility-vehicles/800/id/38542959,,,,,,https://www.constructionequipmentguide.com/used-utility-vehicles-for-sale/2,,,https://d1ovd2ryr2wywi.cloudfront.net/noimage.jpg,,,,,,,,,,,
,,"{'cat1_name': 'Utility Vehicles', 'cat2_name': '', 'cat1_id': '', 'cat2_id': ''}",,,,,,,,,,,,,,,,2016 POLARIS RANGER CREW 570,https://www.constructionequipmentguide.com/used-equipment/polaris/utility-vehicles/ranger_crew_570/id/38270689,,,,,,https://www.constructionequipmentguide.com/used-utility-vehicles-for-sale/2,,,https://d1ovd2ryr2wywi.cloudfront.net/noimage.jpg,,,,,,,,,,,
,,"{'cat1_name': 'Utility Vehicles', 'cat2_name': '', 'cat1_id': '', 'cat2_id': ''}",,,,,,,,,,,,,,,,2016 POLARIS 570EFI,https://www.constructionequipmentguide.com/used-equipment/polaris/utility-vehicles/570efi/id/38332968,,,,,,https://www.constructionequipmentguide.com/used-utility-vehicles-for-sale/2,,,https://d1ovd2ryr2wywi.cloudfront.net/noimage.jpg,,,,,,,,,,,
,,"{'cat1_name': 'Utility Vehicles', 'cat2_name': '', 'cat1_id': '', 'cat2_id': ''}",,,,,,,,,,,,,,,,2017 Honda  PIONEER,https://www.constructionequipmentguide.com/used-equipment/honda/utility-vehicles/pioneer/id/37325791,,,,,,https://www.constructionequipmentguide.com/used-utility-vehicles-for-sale/2,,,https://d1ovd2ryr2wywi.cloudfront.net/noimage.jpg,,,,,,,,,,,
,,"{'cat1_name': 'Utility Vehicles', 'cat2_name': '', 'cat1_id': '', 'cat2_id': ''}",,,,,,,,,,,,,,,,2016 POLARIS RANGER XP 900,https://www.constructionequipmentguide.com/used-equipment/polaris/utility-vehicles/ranger_xp_900/id/37882472,,,,,,https://www.constructionequipmentguide.com/used-utility-vehicles-for-sale/2,,,https://d1ovd2ryr2wywi.cloudfront.net/noimage.jpg,,,,,,,,,,,
,,"{'cat1_name': 'Utility Vehicles', 'cat2_name': '', 'cat1_id': '', 'cat2_id': ''}",,,,,,,,,,,,,,,,2016 Kawasaki 4010 TRANS,https://www.constructionequipmentguide.com/used-equipment/kawasaki/utility-vehicles/4010_trans/id/38388986,,,,,,https://www.constructionequipmentguide.com/used-utility-vehicles-for-sale/2,,,https://d1ovd2ryr2wywi.cloudfront.net/noimage.jpg,,,,,,,,,,,
,,"{'cat1_name': 'Utility Vehicles', 'cat2_name': '', 'cat1_id': '', 'cat2_id': ''}",,,,,,,,,,,,,,,,2015 Kawasaki 610,https://www.constructionequipmentguide.com/used-equipment/kawasaki/utility-vehicles/610/id/38202279,,,,,,https://www.constructionequipmentguide.com/used-utility-vehicles-for-sale/2,,,https://d1ovd2ryr2wywi.cloudfront.net/noimage.jpg,,,,,,,,,,,
,,"{'cat1_name': 'Utility Vehicles', 'cat2_name': '', 'cat1_id': '', 'cat2_id': ''}",,,,,,,,,,,,,,,,2015 Kawasaki 610,https://www.constructionequipmentguide.com/used-equipment/kawasaki/utility-vehicles/610/id/38202284,,,,,,https://www.constructionequipmentguide.com/used-utility-vehicles-for-sale/2,,,https://d1ovd2ryr2wywi.cloudfront.net/noimage.jpg,,,,,,,,,,,
,,"{'cat1_name': 'Utility Vehicles', 'cat2_name': '', 'cat1_id': '', 'cat2_id': ''}",,,,,,,,,,,,,,,,2016 Kawasaki 610,https://www.constructionequipmentguide.com/used-equipment/kawasaki/utility-vehicles/610/id/38327486,,,,,,https://www.constructionequipmentguide.com/used-utility-vehicles-for-sale/2,,,https://d1ovd2ryr2wywi.cloudfront.net/noimage.jpg,,,,,,,,,,,
,,"{'cat1_name': 'Utility Vehicles', 'cat2_name': '', 'cat1_id': '', 'cat2_id': ''}",,,,,,,,,,,,,,,,2016 Kawasaki 610,https://www.constructionequipmentguide.com/used-equipment/kawasaki/utility-vehicles/610/id/38327572,,,,,,https://www.constructionequipmentguide.com/used-utility-vehicles-for-sale/2,,,https://d1ovd2ryr2wywi.cloudfront.net/noimage.jpg,,,,,,,,,,,
,,"{'cat1_name': 'Telehandlers', 'cat2_name': '', 'cat1_id': '', 'cat2_id': ''}",,,,,,,,,,,,,,,,2019 Manitou MLT840-145 PS+,https://www.constructionequipmentguide.com/used-equipment/manitou/telehandlers/mlt840-145_ps+/id/38715326,,,,,,https://www.constructionequipmentguide.com/used-telehandlers-for-sale/2,,,https://d1ovd2ryr2wywi.cloudfront.net/305x0_d9238e1204715469,,,,,,,,,,,
,,"{'cat1_name': 'Telehandlers', 'cat2_name': '', 'cat1_id': '', 'cat2_id': ''}",,,,,,,,,,,,,,,,2011 Caterpillar TL1255,https://www.constructionequipmentguide.com/used-equipment/caterpillar/telehandlers/tl1255/id/10263084,,,,,,https://www.constructionequipmentguide.com/used-telehandlers-for-sale/2,,,https://d1ovd2ryr2wywi.cloudfront.net/305x0_d9238e1204715469,,,,,,,,,,,
,,"{'cat1_name': 'Telehandlers', 'cat2_name': '', 'cat1_id': '', 'cat2_id': ''}",,,,,,,,,,,,,,,,2016 Caterpillar TH514C,https://www.constructionequipmentguide.com/used-equipment/caterpillar/telehandlers/th514c/id/34390631,,,,,,https://www.constructionequipmentguide.com/used-telehandlers-for-sale/2,,,https://d1ovd2ryr2wywi.cloudfront.net/305x0_d9238e1204715469,,,,,,,,,,,
